1,doctor1,doctor1,GASTROENTEROLOGY
2,doctor1,doctor1,GASTROENTEROLOGY
3,doctor1,doctor1,GASTROENTEROLOGY
4,doctor1,doctor1,GASTROENTEROLOGY
5,doctor1,doctor1,GASTROENTEROLOGY
6,doctor1,doctor1,GASTROENTEROLOGY
7,doctor1,doctor1,GASTROENTEROLOGY
8,doctor1,doctor1,GASTROENTEROLOGY
9,doctor1,doctor1,GASTROENTEROLOGY
10,doctor1,doctor1,GASTROENTEROLOGY
11,doctor1,doctor1,GASTROENTEROLOGY
12,doctor1,doctor1,GASTROENTEROLOGY
13,doctor1,doctor1,GASTROENTEROLOGY
14,doctor1,doctor1,GASTROENTEROLOGY
15,doctor1,doctor1,GASTROENTEROLOGY
16,doctor1,doctor1,GASTROENTEROLOGY
17,doctor1,doctor1,GASTROENTEROLOGY
